[
  
  {
    "id": "1",
    "question": "من هو عبد الوهاب الدكالي؟",
    "reponce 1": "فنان",
    "reponce 2": "صحفي",
    "reponce 3": "رياضي",
    "reponce 4": "سياسي",
    "bon reponce": "1",
    "info": "عبد الوهاب الدكالي فنان مغربي مشهور عربيا. موهوب في عدة مجالات منها الغناء, الرسم, التمثيل. وهو عميد الاغنية المغربية",
    "type": "image",
    "file": "images/dokkali.jpg",
    "image": "images/dokkali.jpg",
    "stage": "الاولى"
  },
  {
    "id": "2",
    "question": "من هي اول مطربة مغربية؟",
    "reponce 1": "نعيمة سميح ",
    "reponce 2": "غيثة بنعبدالسلام ",
    "reponce 3": "بهيجة إدريس ",
    "reponce 4": "مينة إدريس",
    "bon reponce": "3",
    "info": "بهيجة العلمي الإدريسي الشهيرة باسم بهيجة إدريس مطربة مغربية تعتبر اول  مطربة مغربية. وهي صاحبة اغنية عطشانة",
    "type": "question",
    "file": "images/bahija.jpg",
    "image": "images/bahija.jpg",
    "stage": "الاولى"
  },
  {
    "id": "18",
    "question": "ما اسم هذه الاغنية",
    "reponce 1": "ما انا الا بشر",
    "reponce 2": "دوب يا قلبي",
    "reponce 3": "اش داني",
    "reponce 4": "سولت عليك العود",
    "bon reponce": "4",
    "info": "سولت عليك العود للطيفة رافت",
    "type": "sound",
    "file": "swalt-3lik-l3oud.mp3",
    "image": "images/latifa.jpg",
    "stage": "الاولى"
  },
  {
    "id": "3",
    "question": "في أي سنة نظم المغرب أول مهرجان للأغنية المغربية؟",
    "reponce 1": "1985",
    "reponce 2": "1980",
    "reponce 3": "1970",
    "reponce 4": "1960",
    "bon reponce": "1",
    "info": "كان في سنة 1985 بالمحمدية و فاز بالجائزة الكبرى عبد الوهاب الدكالي عن اغنية كان يا مكان.",
    "type": "question",
    "file": "images/kanyamakan.jpg",
    "image": "images/kanyamakan.jpg",
    "stage": "الاولى"
  },
  {
    "id": "4",
    "question": "من هو صاحب أغنية القمر الأحمر؟",
    "reponce 1": "احمد البيضاوي",
    "reponce 2": "عبد الهادي بالخياط",
    "reponce 3": "محمد الحياني ",
    "reponce 4": "عبد الوهاب الدكالي ",
    "bon reponce": "2",
    "info": "هو عبد الهادي بالخياط و ذلك سنة 1964 من كلمات عبد الرفيع الجوهري و الحان عبد السلام عامر",
    "type": "question",
    "file": "images/kamara7mar.jpg",
    "image": "images/kamara7mar.jpg",
    "stage": "الاولى"
  },
  {
    "id": "5",
    "question": "من هي أول مجموعة غنائية تأسست في المغرب؟",
    "reponce 1": "جيل جيلالة ",
    "reponce 2": "ناس الغيوان ",
    "reponce 3": "المشاهب ",
    "reponce 4": "لسهام ",
    "bon reponce": "2",
    "info": "فرقة ناس الغيوان هي فرقة موسيقية مغربية، تأسست في ستينيات القرن الماضي بالحي المحمدي",
    "type": "question",
    "file": "images/nass_ghiwane.jpg",
    "image": "images/nass_ghiwane.jpg",
    "stage": "الاولى"
  },
  {
    "id": "6",
    "question": "من صاحب الصورة ",
    "reponce 1": "محمود الإدريسي ",
    "reponce 2": "البشير عبدو ",
    "reponce 3": "محسن جمال  ",
    "reponce 4": "فتح الله المغاري ",
    "bon reponce": "4",
    "info": "فتح الله لمغاري ولد سنة 1940، فاس ملحن وكاتب كلمات ومغني مغربي، وواحد من رواد ومؤسسي الأغنية المغربية",
    "type": "image",
    "file": "images/lmghari.jpg",
    "image": "images/lmghari.jpg",
    "stage": "الاولى"
  },
  {
    "id": "7",
    "question": "من هو صاحب أغنية ليلي طويل",
    "reponce 1": "يونس ميكري ",
    "reponce 2": "محمود ميكري ",
    "reponce 3": "حسن ميكري",
    "reponce 4": "جليلة ميكري  ",
    "bon reponce": "1",
    "info": "أغنية ليلي طويل هي تنهيدة ألم طويلة خرجت من صدر الفنان يونس مغري بصدق فوصلت لقلوب الجماهير في كامل الوطن العربي ورسمت له مسيرة فنية يفخر بها.",
    "type": "question",
    "file": "images/migri.jpg",
    "image": "images/younes_migri.jpg",
    "stage": "الاولى"
  },
  {
    "id": "8",
    "question": "متى ولدت الفنانة نعيمة سميح",
    "reponce 1": "1960",
    "reponce 2": "1971",
    "reponce 3": "1953",
    "reponce 4": "1949",
    "bon reponce": "3",
    "info": "نعيمة سميح من مواليد درب السلطان بالدار البيضاء سنة 1953",
    "type": "image",
    "file": "images/na3ima.jpg",
    "image": "images/na3ima.jpg",
    "stage": "الاولى"
  },
  {
    "id": "9",
    "question": "من صاحبة هذه الصورة",
    "reponce 1": "حياة الادريسي",
    "reponce 2": "نجاة عتابو",
    "reponce 3": "سميرة سعيد ",
    "reponce 4": "لطيفة رافت",
    "bon reponce": "3",
    "info": "سميرة سعيدة عندما كانت شابة",
    "type": "image",
    "file": "images/samira.jpg",
    "image": "images/samira.jpg",
    "stage": "الاولى"
  },
  {
    "id": "10",
    "question": "من هو صاحب هاذا الصوت",
    "reponce 1": "يونس ميكري ",
    "reponce 2": "عبد الوهاب الدكالي",
    "reponce 3": "الحياني",
    "reponce 4": "احمد البيضاوي",
    "bon reponce": "2",
    "info": "عبد الوهاب الدكالي",
    "type": "sound",
    "file": "a1.mp3",
    "image": "images/dokkali.jpg",
    "stage": "الاولى"
  },
  {
    "id": "11",
    "question": "من هي صاحبة أغنية حكم ياقاضي",
    "reponce 1": "ليلى غفران ",
    "reponce 2": "فاطمة مقدادي ",
    "reponce 3": "رجاء بالمليح ",
    "reponce 4": "نجاة اعتابو",
    "bon reponce": "2",
    "info": "فاطمة مقدادي هي من أدت رائعة احكم يا قاضي",
    "type": "question",
    "file": "images/fatima_mkdadi.jpg",
    "image": "images/fatima_mkdadi.jpg",
    "stage": "الثانية"
  },
  {
    "id": "12",
    "question": "من في الصورة؟",
    "reponce 1": "أحمد الطيب لعلج  ",
    "reponce 2": "حسن المفتي ",
    "reponce 3": "علي الحداني ",
    "reponce 4": "مصطفى بغداد",
    "bon reponce": "4",
    "info": "مصطفى بغداد كاتب كلمات والأمين العام لنقابة الموسيقيين المغاربة",
    "type": "image",
    "file": "images/mustapha_baghdad.jpg",
    "image": "images/mustapha_baghdad.jpg",
    "stage": "الثانية"
  },
  {
    "id": "13",
    "question": " من هو المغني بطل فيلم دموع الندم",
    "reponce 1": "العربي باطما ",
    "reponce 2": "محمد الغاوي ",
    "reponce 3": "محمد الحياني",
    "reponce 4": " البشير عبدو ",
    "bon reponce": "3",
    "info": "محمد الحياني دموع الندم هو فيلم موسيقي مغربي من إخراج حسن المفتي سنة 1982",
    "type": "question",
    "file": "assets/a1.mp3",
    "image": "images/domou_nadam.jpg",
    "stage": "الثانية"
  },
  {
    "id": "14",
    "question": "من هي صاحبة أغنية عطشانة",
    "reponce 1": "بهيجة إدريس  ",
    "reponce 2": "غيثة بنعبد السلام ",
    "reponce 3": " رجاء بالمليح ",
    "reponce 4": "نعيمة سميح ",
    "bon reponce": "1",
    "info": "بهيجة إدريس وهي أول مطربة مغربية",
    "type": "question",
    "file": "assets/a1.mp3",
    "image": "images/bahija.jpg",
    "stage": "الثانية"
  },
  {
    "id": "15",
    "question": "من هو صاحب هاذا الصوت",
    "reponce 1": "محمد الحياني",
    "reponce 2": "محمد فيتح",
    "reponce 3": "أحمد البيضاوي",
    "reponce 4": "محمد المزكلدي",
    "bon reponce": "3",
    "info": "أحمد البيضاوي",
    "type": "sound",
    "file": "sa7eb_sola.mp3",
    "image": "images/ahmed_bidawi.jpg",
    "stage": "الثانية"
  },
  {
    "id": "16",
    "question": "من هو كاتب أغنية أمري لله لنعيمة سميح",
    "reponce 1": "علي الحداني  ",
    "reponce 2": " احمد الطيب لعلج ",
    "reponce 3": " فتح الله المغاري ",
    "reponce 4": " الطاهر سباطة",
    "bon reponce": "2",
    "info": "احمد الطيب لعلج",
    "type": "question",
    "file": "assets/a1.mp3",
    "image": "images/ahmad_et_Tayyeb_al_Alj.jpg",
    "stage": "الثانية"
  },
  {
    "id": "17",
    "question": "من هو كاتب أغنية ماأنا إلا بشر",
    "reponce 1": "علي الحداني  ",
    "reponce 2": "احمد الطيب لعلج ",
    "reponce 3": " المهدي زريوح ",
    "reponce 4": "إدريس العلام",
    "bon reponce": "2",
    "info": "احمد الطيب لعلج و هي اشهر أغنية لعبد الوهاب الدكالي",
    "type": "question",
    "file": "assets/a1.mp3",
    "image": "images/ahmad_et_Tayyeb_al_Alj.jpg",
    "stage": "الثانية"
  },
  {
    "id": "18",
    "question": "من هو صاحب هاذا الصوت",
    "reponce 1": "عربي باطما",
    "reponce 2": "محمد باطما",
    "reponce 3": "حميد باطما",
    "reponce 4": "رشيد باطما",
    "bon reponce": "3",
    "info": "حميد باطما من فرقة مسناوة",
    "type": "sound",
    "file": "msnawa.mp3",
    "image": "images/massnawa.jpg",
    "stage": "الثانية"
  },
  {
    "id": "19",
    "question": "في أي سنة توفي العربي باطما",
    "reponce 1": "1998",
    "reponce 2": "1997 ",
    "reponce 3": "1996",
    "reponce 4": "1995 ",
    "bon reponce": "2",
    "info": " توفي العربي باطما في 7 فبراير 1997 رحمه الله",
    "type": "question",
    "file": "assets/a1.mp3",
    "image": "images/arbi.jpg",
    "stage": "الثانية"
  },
  {
    "id": "20",
    "question": "من هو صاحب أغنية مولد القمر",
    "reponce 1": "عبد الهادي بالخياط",
    "reponce 2": "عبد الوهاب الدكالي",
    "reponce 3": "محمد الحياني ",
    "reponce 4": "أحمد الغرباوي",
    "bon reponce": "2",
    "info": "عبد الوهاب الدكالي",
    "type": "question",
    "file": "assets/a1.mp3",
    "image": "images/dokkali.jpg",
    "stage": "الثانية"
  },

  {
    "id": "22",
    "question": "من هي صاحبة أغنية الليل يسري",
    "reponce 1": "غيثة بنعبد السلام  ",
    "reponce 2": "بهيجة إدريس ",
    "reponce 3": " دعاء عبد الرحمان ",
    "reponce 4": "أمينة إدريس ",
    "bon reponce": "1",
    "info": "غيثة بنعبد السلام",
    "type": "question",
    "file": "assets/a1.mp3",
    "image": "images/ghita-benabdeslam.jpg",
    "stage": "الثالثة"
  },
  {
    "id": "23",
    "question": "من هو ملحن أغنية ياالغادي فالطموبيل ",
    "reponce 1": "عبد الوهاب الدكالي  ",
    "reponce 2": "أحمد العلوي ",
    "reponce 3": " محمد بنعبد السلام  ",
    "reponce 4": " حسن القدميري  ",
    "bon reponce": "3",
    "info": " محمد بنعبد السلام",
    "type": "question",
    "file": "assets/a1.mp3",
    "image": "images/mohamed_benabdsalam.jpg",
    "stage": "الثالثة"
  },
  {
    "id": "24",
    "question": "من هو كاتب أغنية رحلة النصر لعبد الوهاب الدكالي",
    "reponce 1": "عمر التلباني",
    "reponce 2": "أحمد الطيب العلج ",
    "reponce 3": "محمد الباثولي ",
    "reponce 4": "علي الحداني",
    "bon reponce": "3",
    "info": "محمد الباثولي",
    "type": "question",
    "file": "assets/a1.mp3",
    "image": "images/batouli.jpg",
    "stage": "الثالثة"
  },
  {
    "id": "21",
    "question": "ما اسم هذه الاغنية",
    "reponce 1": "أوطار",
    "reponce 2": "الثلث الخالي",
    "reponce 3": "صدقت كلامهم",
    "reponce 4": "غابو الحباب",
    "bon reponce": "1",
    "info": "أوطار أغنية لعبد الوهاب الدكالي",
    "type": "sound",
    "file": "autar_dokkali.mp3",
    "image": "images/dokkali.jpg",
    "stage": "الثالثة"
  },
  {
    "id": "18",
    "question": "من ملحن انا فعارك يا يما",
    "reponce 1": "عبد الوهاب الدكالي",
    "reponce 2": "أحمد العلوي",
    "reponce 3": "فتح الله مغاري",
    "reponce 4": "حسن القدميري",
    "bon reponce": "3",
    "info": "كلمات و الحان فتح الله مغاري",
    "type": "sound",
    "file": "Latifa_raafat_-_ana_faark.mp3",
    "image": "images/lmghari.jpg",
    "stage": "الثالثة"
  },
  {
    "id": "25",
    "question": "من هو بطل فيلم الحياة كفاح",
    "reponce 1":"أحمد الغرباوي",
    "reponce 2": "عبد الهادي بلخياط",
    "reponce 3": "محمد الحياني ",
    "reponce 4": "عبد الوهاب الدكالي",
    "bon reponce": "4",
    "info": " عبد الوهاب الدكالي فيلم مغربي من إنتاج سنة 1968 ومن إخراج مشترك بين أحمد المسناوي ومحمد التازي",
    "type": "question",
    "file": "assets/a1.mp3",
    "image": "images/dokkali.jpg",
    "stage": "الثالثة"
  },
  {
    "id": "26",
    "question": "من هو صاحب أغنية الزين في الثلاثين",
    "reponce 1": "البشير عبدو",
    "reponce 2": "المهدي عبدو",
    "reponce 3": "عبدو الشريف ",
    "reponce 4": "محسن جمال",
    "bon reponce": "4",
    "info": "محسن جمال",
    "type": "question",
    "file": "assets/a1.mp3",
    "image": "images/mohsin.jpg",
    "stage": "الثالثة"
  },
  {
    "id": "27",
    "question": "ما اسم هذه الاغنية",
    "reponce 1": "كذبت نفسي",
    "reponce 2": "حر الفراق",
    "reponce 3": "دمعة الفراق",
    "reponce 4": "انت كذاب",
    "bon reponce": "4",
    "info": "انت كذاب لعبد الوهاب الدكالي",
    "type": "sound",
    "file": "dokkali.mp3",
    "image": "images/dokkali.jpg",
    "stage": "الثالثة"
  },
  {
    "id": "29",
    "question": "من هي الفنانة التي قُتلت إبنتها في مصر",
    "reponce 1": "عزيزة جلال",
    "reponce 2": "سميرة سعيد",
    "reponce 3": "ليلى غفران",
    "reponce 4": "رجاء بالمليح",
    "bon reponce": "3",
    "info": "ليلى غفران",
    "type": "question",
    "file": "assets/a1.mp3",
    "image": "images/layla_ghofrane.jpg",
    "stage": "الثالثة"
  },
  {
    "id": "44",
    "question": "ما عنوان هذه الاغنية",
    "reponce 1": "ليك الله الغريب",
    "reponce 2": "ماتقش بيا",
    "reponce 3": "صدقت كلامهم",
    "reponce 4": "دمعة الفراق",
    "bon reponce": "1",
    "info": "ليك الله الغريب",
    "type": "sound",
    "file": "lik_allah_alghrib.mp3",
    "image": "images/belkhiyat.jpg",
    "stage": "الخامسة"
  },

  {
    "id": "30",
    "question": "من هي صاحبة أغنية بطاقه حب",
    "reponce 1": "لطيفة رأفت",
    "reponce 2": "أمال عبد القادر",
    "reponce 3": "حياة الإدريسي",
    "reponce 4": "سميرة سعيد",
    "bon reponce": "4",
    "info": "سميرة سعيد",
    "type": "question",
    "file": "assets/a1.mp3",
    "image": "images/samira.jpg",
    "stage": "الثالثة"
  },
  {
    "id": "31",
    "question": "ما اسم هذه الأغنية",
    "reponce 1": "بلغوها",
    "reponce 2": "العاشقين",
    "reponce 3": "الخاتم",
    "reponce 4": "قصة الأشواق ",
    "bon reponce": "2",
    "info": "أغنية االعاشقين لعبد الوهاب الدكالي",
    "type": "sound",
    "file": "ach9in_dokkali.mp3",
    "image": "images/dokkali.jpg",
    "stage": "الرابعة"
  },
  {
    "id": "32",
    "question": "في أي سنة توفي مؤسس مجموعة ناس الغيوان بوجميع",
    "reponce 1": "1971",
    "reponce 2": "1972",
    "reponce 3": "1973",
    "reponce 4": "1974",
    "bon reponce": "4",
    "info": "بوجميع ،موسيقي ومسرحي وزجلي وفنان موسيقى تراثية أصيلة ولد سنة 1944 و مات 24 اكتوبر 1974 رحه الله",
    "type": "question",
    "file": "assets/a1.mp3",
    "image": "images/boujmi3.jpg",
    "stage": "الرابعة"
  },
  {
    "id": "33",
    "question": "من هو ملحن أغنية وعدي لسميرة سعيد",
    "reponce 1": "حسن القدميري",
    "reponce 2": "محمد بنعبد السلام ",
    "reponce 3": "عبد القادر الراشدي",
    "reponce 4": "عبد النبي الجيراري",
    "bon reponce": "3",
    "info": "حسن القدميري",
    "type": "question",
    "file": "dokkali.mp3",
    "image": "images/hassan_kadmiri.jpg",
    "stage": "الرابعة"
  },
  {
    "id": "34",
    "question": "من هو صاحب معزوفة رقصة الأطلس",
    "reponce 1": "عبد الله عصامي",
    "reponce 2": "عبد السلام عامر",
    "reponce 3": "العربي الكواكبي",
    "reponce 4": "عبد القادر الراشدي",
    "bon reponce": "4",
    "info": "عبد القادر الراشدي سنة 1948م",
    "type": "question",
    "file": "dokkali.mp3",
    "image": "images/abdkader_rachdi.jpg",
    "stage": "الرابعة"
  },
  {
    "id": "44",
    "question": "من ملحن اغنية غابو الحباب للحياني",
    "reponce 1": "حسن القدميري",
    "reponce 2": "عبد القادر وهبي",
    "reponce 3": "عبد القادر الراشدي",
    "reponce 4": "عبد النبي جراري",
    "bon reponce": "3",
    "info": "عبد القادر الراشدي",
    "type": "sound",
    "file": "ghabo_la7bab.mp3",
    "image": "images/abdkader_rachdi.jpg",
    "stage": "الخامسة"
  },
  {
    "id": "35",
    "question": "من هو مكتشف الفنانة سميرة سعيد",
    "reponce 1": "عبد القادر الراشدي",
    "reponce 2": "حسن المفتي",
    "reponce 3": "حسن القدميري",
    "reponce 4": "عبد النبي الجيراري",
    "bon reponce": "4",
    "info": "عبد النبي الجيراري",
    "type": "question",
    "file": "dokkali.mp3",
    "image": "images/abdnbi_jirari.jpg",
    "stage": "الرابعة"
  },
  {
    "id": "36",
    "question": "من هو صاحب الصورة",
    "reponce 1": "البشير عبدو",
    "reponce 2": "عبدو الشريف",
    "reponce 3": "المهدي عبدو",
    "reponce 4": "عبدو الفيلالي",
    "bon reponce": "3",
    "info": "المهدي عبدو",
    "type": "image",
    "file": "dokkali.mp3",
    "image": "images/mehdi_abdou.jpg",
    "stage": "الرابعة"
  },
  {
    "id": "44",
    "question": "ما عنوان هذه الاغنية",
    "reponce 1": "الشاطئ",
    "reponce 2": "القمر الاحمر",
    "reponce 3": "المنفرجة",
    "reponce 4": "الأمس القريب",
    "bon reponce": "4",
    "info": "الأمس القريب",
    "type": "sound",
    "file": "ams_9arib.mp3",
    "image": "images/belkhiyat.jpg",
    "stage": "الخامسة"
  },
  {
    "id": "37",
    "question": "من هي صاحبة أغنية المدينة زينة",
    "reponce 1": "غيثة بنعبد السلام",
    "reponce 2": "فاطمة مقدادي",
    "reponce 3": "سمية قيصر",
    "reponce 4": "سمية عبد العزيز",
    "bon reponce": "2",
    "info": "فاطمة مقدادي",
    "type": "question",
    "file": "dokkali.mp3",
    "image": "images/fatima_mkdadi.jpg",
    "stage": "الرابعة"
  },
  {
    "id": "38",
    "question": "من هو ملحن أغنية حتى فات الفوت لماجدة عبد الوهاب",
    "reponce 1": "حسن القدميري",
    "reponce 2": "أحمد العلوي",
    "reponce 3": "عبد القادر وهبي",
    "reponce 4": "عبد القادر الراشدي",
    "bon reponce": "3",
    "info": "عبد القادر وهبي",
    "type": "question",
    "file": "dokkali.mp3",
    "image": "images/abdkader_wahbi.jpg",
    "stage": "الرابعة"
  },
  {
    "id": "39",
    "question": "من هو صاحب أغنية خذ قلبي",
    "reponce 1": "عبد الهادي بالخياط ",
    "reponce 2": "عبد الوهاب الدكالي",
    "reponce 3": "محمد الحياني",
    "reponce 4": "محسن جمال",
    "bon reponce": "2",
    "info": "عبد الوهاب الدكالي",
    "type": "question",
    "file": "dokkali.mp3",
    "image": "images/dokkali.jpg",
    "stage": "الرابعة"
  },
  {
    "id": "40",
    "question": "ملحن وإطار في قطاع الصحة من هو",
    "reponce 1": "حسن القدميري",
    "reponce 2": "أحمد العلوي",
    "reponce 3": "عبد القادر وهبي",
    "reponce 4": "نبيل الخالدي",
    "bon reponce": "3",
    "info": "عبد القادر وهبي",
    "type": "question",
    "file": "dokkali.mp3",
    "image": "images/abdkader_wahbi.jpg",
    "stage": "الرابعة"
  },
  {
    "id": "41",
    "question": "كاتب مغربي ملقب بشكسبير المغرب من هو",
    "reponce 1": "حسن المفتي",
    "reponce 2": "فتح الله المغاري",
    "reponce 3": "أحمد الطيب العلج",
    "reponce 4": "محمد حسن الجندي",
    "bon reponce": "3",
    "info": " المسرحي الكبير و كاتب الكلمات الاسطوري أحمد الطيب العلج",
    "type": "question",
    "file": "dokkali.mp3",
    "image": "images/ahmad_et_Tayyeb_al_Alj.jpg",
    "stage": "الخامسة"
  },
  {
    "id": "42",
    "question": "من هو كاتب أغنية سوق البشرية لعبد الوهاب الدكالي",
    "reponce 1": "محمد الباثولي",
    "reponce 2": "عمر التلباني",
    "reponce 3": "عبد الرحمان العلمي",
    "reponce 4": "احمد الطيب العلج",
    "bon reponce": "2",
    "info": "عمر التلباني",
    "type": "question",
    "file": "dokkali.mp3",
    "image": "images/omar_talbani.jpg",
    "stage": "الخامسة"
  },
  {
    "id": "44",
    "question": "من ملحن اغنية وقتاش تغني يا قلبي",
    "reponce 1": "عبد العاطي امنا",
    "reponce 2": "عبد القادر وهبي",
    "reponce 3": "فتح الله المغاري",
    "reponce 4": "عبد القادر الراشدي",
    "bon reponce": "1",
    "info": "عبد العاطي امنا",
    "type": "sound",
    "file": "w9tach_tghani_ya9albi.mp3",
    "image": "images/amanna.jpg",
    "stage": "الخامسة"
  },
  {
    "id": "43",
    "question": "من هو صاحب كتاب السيرة الذاتية الرحيل",
    "reponce 1": "احمد البيضاوي",
    "reponce 2": "العربي الكواكبي",
    "reponce 3": "العربي باطما",
    "reponce 4": "محمد باطما",
    "bon reponce": "3",
    "info": "العربي باطما",
    "type": "question",
    "file": "dokkali.mp3",
    "image": "images/arbi.jpg",
    "stage": "الخامسة"
  },
  {
    "id": "44",
    "question": "من صاحب  هاذا الصوت",
    "reponce 1": "احمد البيضاوي",
    "reponce 2": "احمد الغرباوي",
    "reponce 3": "الحياني",
    "reponce 4": "محسن جمال",
    "bon reponce": "2",
    "info": "احمد الغرباوي",
    "type": "sound",
    "file": "ahmed_ghrbawi_molhimati.mp3",
    "image": "images/ahmed_gharbawi.jpg",
    "stage": "الخامسة"
  },
  {
    "id": "44",
    "question": "ما اسم هذه الأغنية لبراهيم العالمي",
    "reponce 1": "هذا شحال",
    "reponce 2": "يلي صورتك",
    "reponce 3": "خليني بعيد",
    "reponce 4": "شغلت بالي او مشات",
    "bon reponce": "4",
    "info": "شغلت بالي او مشات",
    "type": "sound",
    "file": "brahim_alami_charlat_bali.mp3",
    "image": "images/brahim_alami.jpg",
    "stage": "الخامسة"
  },
  {
    "id": "44",
    "question": "من صاحبة هذا الصوت",
    "reponce 1": "سمية عبد العزيز",
    "reponce 2": "لطيفة رأفت",
    "reponce 3": "بهيجة الادريسي",
    "reponce 4": "سميرة سعيد",
    "bon reponce": "1",
    "info": "سمية عبد العزيز",
    "type": "sound",
    "file": "Soumeya_Abdelaziz.mp3",
    "image": "images/samia_abdaziz.jpg",
    "stage": "الخامسة"
  },
  {
    "id": "43",
    "question": "مطربة مغربية تعرضت لحادثة سير مميتة من هي",
    "reponce 1": "أمينة إدريس",
    "reponce 2": "دعاء عبد الرحمان",
    "reponce 3": "ماجدة عبد الوهاب",
    "reponce 4": "رجاء بالمليح",
    "bon reponce": "3",
    "info": "ماجدة عبد الوهاب",
    "type": "question",
    "file": "dokkali.mp3",
    "image": "images/majda_abdwahhab.jpg",
    "stage": "الخامسة"
  },
  {
    "id": "44",
    "question": "من صاحب هذا الصوت",
    "reponce 1": "احمد الغرباوي",
    "reponce 2": "عبد الواحد التطواني",
    "reponce 3": "محمد الحياني",
    "reponce 4": "محمود الادريسي",
    "bon reponce": "2",
    "info": "عبد الواحد التطواني",
    "type": "sound",
    "file": "dalmtini.mp3",
    "image": "images/abdwa7ed_tetouani.jpg",
    "stage": "الخامسة"
  },
  {
    "id": "43",
    "question": "من هو صاحب أغنية الهاتف",
    "reponce 1": "محمد المزكلدي",
    "reponce 2": "عبد الهادي بالخياط",
    "reponce 3": "عبد الوهاب الدكالي",
    "reponce 4": "أحمد الغرباوي",
    "bon reponce": "2",
    "info": "عبد الهادي بالخياط",
    "type": "question",
    "file": "dokkali.mp3",
    "image": "images/belkhiyat.jpg",
    "stage": "الخامسة"
  },
  {
    "id": "43",
    "question": "من هو صاحب أغنية العروسة",
    "reponce 1": "عبد الواحد التطواني",
    "reponce 2": "محمد المزكلدي",
    "reponce 3": "العربي الكواكبي",
    "reponce 4": "المعطي بنقاسم",
    "bon reponce": "2",
    "info": "محمد المزكلدي",
    "type": "question",
    "file": "dokkali.mp3",
    "image": "images/mzahgdli.jpg",
    "stage": "الخامسة"
  },
  {
    "id": "43",
    "question": "من هو كاتب أغنية راحلة لمحمد الحياني",
    "reponce 1": "عبد الرحمان العلمي",
    "reponce 2": "عبد الرفيع الجواهري",
    "reponce 3": "محمد الطنجاوي",
    "reponce 4": "إدريس الجاي",
    "bon reponce": "2",
    "info": "عبد الرفيع الجواهري",
    "type": "question",
    "file": "dokkali.mp3",
    "image": "images/jawahiri.jpg",
    "stage": "الخامسة"
  },
  {
    "id": "43",
    "question": "من هو صاحب أغنية ربي مولاي",
    "reponce 1": "عبد الوهاب الدكالي",
    "reponce 2": "البشير عبدو ",
    "reponce 3": "محمود الإدريسي",
    "reponce 4": "عبد الهادي بالخياط",
    "bon reponce": "4",
    "info": "عبد الهادي بالخياط",
    "type": "question",
    "file": "dokkali.mp3",
    "image": "images/belkhiyat.jpg",
    "stage": "السادسة"
  },
  {
    "id": "43",
    "question": "من هي صاحبة أغنية كيفاش تلاقينا",
    "reponce 1": "نعيمة سميح",
    "reponce 2": "فاطمة مقدادي",
    "reponce 3": "سميرة سعيد",
    "reponce 4": "فاطمة أمين",
    "bon reponce": "3",
    "info": "سميرة سعيد",
    "type": "question",
    "file": "dokkali.mp3",
    "image": "images/samira.jpg",
    "stage": "السادسة"
  },
  {
    "id": "43",
    "question": "من هي صاحبة أغنية يالغايب",
    "reponce 1": "لطيفة رأفت",
    "reponce 2": "فاطمة أمين",
    "reponce 3": "فاطمة مقدادي",
    "reponce 4": "ليلى غفران",
    "bon reponce": "2",
    "info": "فاطمة أمين",
    "type": "question",
    "file": "dokkali.mp3",
    "image": "images/fatima_amine.jpg",
    "stage": "السادسة"
  },
  {
    "id": "43",
    "question": "من هو صاحب أغنية مابيني وبينو والو",
    "reponce 1": "المعطي بنقاسم",
    "reponce 2": "عبد الوهاب اكومي",
    "reponce 3": "محمد فويتح",
    "reponce 4": "محمد الإدريسي",
    "bon reponce": "3",
    "info": "محمد فويتح",
    "type": "question",
    "file": "dokkali.mp3",
    "image": "images/mohammed-fuitah.jpg",
    "stage": "السادسة"
  },
  {
    "id": "43",
    "question": "من هو صاحب أغنية عندي بدوية",
    "reponce 1": "محمود الإدريسي ",
    "reponce 2": "محمد الإدريسي",
    "reponce 3": "إبراهيم العلمي",
    "reponce 4": "محمد الحياني",
    "bon reponce": "2",
    "info": "محمد الإدريسي",
    "type": "question",
    "file": "dokkali.mp3",
    "image": "images/mohammed_idrissi.jpg",
    "stage": "السادسة"
  },
  {
    "id": "43",
    "question": "من هو ملحن أغنية المثل العالي",
    "reponce 1": "عبد القادر الراشدي",
    "reponce 2": "حسن القدميري",
    "reponce 3": "محمد بالخياط",
    "reponce 4": "عبد السلام عامر",
    "bon reponce": "1",
    "info": "عبد القادر الراشدي",
    "type": "question",
    "file": "dokkali.mp3",
    "image": "images/abdkader_rachdi.jpg",
    "stage": "السادسة"
  },
  {
    "id": "44",
    "question": "ما اسم هذه الاغنية",
    "reponce 1": "محلى إفران",
    "reponce 2": "دوب يا قلبي دوب",
    "reponce 3": "غضبان عليا",
    "reponce 4": "يلي صورتك",
    "bon reponce": "2",
    "info": "دوب يا قلبي دوب لي براهيم العلمي",
    "type": "sound",
    "file": "brahim_alami_doub.mp3",
    "image": "images/brahim_alami.jpg",
    "stage": "الخامسة"
  },
  {
    "id": "44",
    "question": "من صاحبة هذا الصوت",
    "reponce 1": "امينة إدريس",
    "reponce 2": "فاطمة مقدادي",
    "reponce 3": "بهيجة ادريس",
    "reponce 4": "لطيفة امال",
    "bon reponce": "3",
    "info": "بهيجة ادريس",
    "type": "sound",
    "file": "bahija_lhwa_ando_9ima.mp3",
    "image": "images/bahija.jpg",
    "stage": "الخامسة"
  },
  {
    "id": "44",
    "question": "من صاحبة هذا الصوت",
    "reponce 1": "سمية عبد العزيز",
    "reponce 2": "فاطمة امين",
    "reponce 3": "رجاء بالميح",
    "reponce 4": "دعاء عبد الرحمان",
    "bon reponce": "4",
    "info": "دعاء عبد الرحمان بنت بهيجة ادريس",
    "type": "sound",
    "file": "do3a2_abdrahman.mp3",
    "image": "images/do3a2.jpg",
    "stage": "الخامسة"
  },
  {
    "id": "44",
    "question": "ما اسم هذه الاغنية",
    "reponce 1": "والله ما انت معنا",
    "reponce 2": "صدقت كلامهم",
    "reponce 3": "في قلبي جرح قديم",
    "reponce 4": "الصورة",
    "bon reponce": "3",
    "info": "في قلبي جرح قديم لعبد الهادي بالخياط",
    "type": "sound",
    "file": "fi_9albi.mp3",
    "image": "images/belkhiyat.jpg",
    "stage": "الخامسة"
  }


]